{"cameraMode":{"drawMode":0,"name":"Shaded","section":"Shading Mode"},"sceneLighting":true,"audioPlay":false,"sceneViewState":{"m_AlwaysRefresh":false,"showFog":true,"showSkybox":true,"showFlares":true,"showImageEffects":true,"showParticleSystems":true,"showVisualEffectGraphs":true,"m_FxEnabled":true},"in2DMode":false,"pivot":{"x":0.4194018244743347,"y":0.2815203368663788,"z":-1.507228970527649},"rotation":{"x":0.006698607467114925,"y":0.9834669828414917,"z":-0.17714247107505799,"w":0.037193894386291507},"size":7.843027114868164,"orthographic":false}